record_id,start,end
OX103876.1,968898,968915
OX103876.1,1541807,1541827
OX103876.1,1563212,1563237
OX103876.1,1838078,1838105
OX103876.1,1911261,1911284
OX103876.1,2999216,2999238
OX103876.1,3034049,3034074
OX103876.1,4823881,4823896
OX103876.1,5147072,5147087
OX103876.1,5242131,5242146
OX103876.1,5572115,5572138
OX103876.1,5626975,5627015
OX103876.1,6341563,6341587
OX103876.1,6419898,6419919
OX103876.1,6457451,6457470
OX103876.1,6473449,6473466
OX103876.1,7091123,7091142
OX103876.1,7236801,7236821
OX103876.1,7514963,7514990
OX103876.1,8358687,8358708
OX103876.1,9688905,9688925
OX103876.1,10793845,10793871
OX103876.1,12168130,12168148
OX103876.1,12168221,12168287
OX103876.1,12168309,12168342
OX103876.1,12168353,12168385
OX103876.1,12168427,12168460
OX103876.1,12168471,12168508
OX103876.1,12168523,12168552
OX103876.1,12168585,12168622
OX103876.1,12168716,12168768
OX103876.1,12927671,12927693
OX103876.1,14013931,14013952
OX103876.1,15111599,15111629
OX103876.1,16222827,16222857
OX103876.1,16633965,16633989
OX103876.1,17224410,17224432
OX103876.1,19368247,19368292
OX103876.1,20850974,20851001
OX103876.1,22222047,22222066
OX103876.1,24376840,24376865
OX103876.1,24377251,24377282
OX103876.1,24377406,24377429
OX103876.1,24794522,24794548
OX103876.1,24794611,24794645
OX103876.1,25754942,25754961
OX103876.1,25847067,25847098
OX103876.1,25894566,25894590
OX103876.1,25979776,25979795
OX103876.1,28732701,28732731
OX103876.1,28906030,28906053
OX103876.1,30534067,30534092
OX103876.1,30789086,30789114
OX103876.1,31278957,31278987
OX103876.1,31315114,31315144
OX103876.1,32053977,32054000
OX103876.1,32057036,32057059
OX103876.1,32060089,32060112
OX103876.1,32063152,32063175
OX103876.1,32179185,32179210
OX103876.1,35194069,35194090
OX103876.1,36611296,36611328
OX103876.1,37938442,37938458
OX103876.1,38485286,38485316
OX103876.1,39711892,39711914
OX103876.1,41072030,41072058
OX103876.1,42993302,42993330
OX103876.1,44095551,44095571
OX103876.1,44260217,44260240
OX103876.1,45248594,45248614
OX103876.1,46930173,46930198
OX103876.1,47078326,47078347
OX103876.1,47264170,47264199
OX103876.1,47849784,47849806
OX103876.1,48679849,48679874
OX103876.1,49746496,49746515
OX103876.1,49856583,49856607
OX103876.1,51772306,51772334
OX103876.1,54830673,54830696
OX103876.1,55516679,55516709
OX103876.1,57790101,57790125
OX103876.1,61056642,61056662
OX103876.1,61412149,61412184
OX103876.1,61510660,61510681
OX103876.1,62324929,62324944
OX103876.1,63978700,63978722
OX103876.1,65261678,65261708
OX103876.1,66532511,66532532
OX103876.1,67403218,67403251
OX103876.1,67449948,67449978
OX103876.1,68317919,68317947
OX103876.1,68784839,68784865
OX103876.1,70403494,70403521
OX103876.1,71287596,71287618
OX103876.1,71305041,71305059
OX103876.1,72550807,72550830
OX103876.1,72590788,72590809
OX103876.1,74202866,74202906
OX103876.1,74554518,74554551
OX103876.1,75590395,75590412
OX103876.1,75715859,75715878
OX103876.1,76243479,76243500
OX103876.1,76787605,76787637
OX103876.1,76787782,76787802
OX103876.1,76787841,76787881
OX103876.1,76788115,76788231
OX103876.1,76788239,76788264
OX103876.1,76788273,76788288
OX103876.1,76788334,76788352
OX103876.1,76788386,76788404
OX103876.1,77514203,77514222
OX103876.1,78092825,78092845
OX103876.1,78344043,78344069
OX103876.1,78596093,78596109
OX103876.1,79731010,79731030
OX103876.1,79819315,79819334
OX103876.1,80812700,80812721
OX103876.1,82021696,82021711
OX103876.1,82499449,82499466
OX103876.1,83057068,83057092
OX103876.1,83797758,83797780
OX103876.1,84038492,84038512
OX103876.1,84461728,84461751
OX103876.1,84560713,84560736
OX103876.1,84589823,84589853
OX103876.1,85559236,85559257
OX103876.1,85721565,85721590
OX103876.1,86324553,86324573
OX103876.1,86402406,86402421
OX103876.1,86620688,86620719
OX103876.1,86823735,86823752
OX103876.1,87053736,87053759
OX103876.1,87164967,87164990
OX103876.1,87215116,87215132
OX103876.1,87233417,87233438
OX103876.1,87502479,87502497
OX103876.1,87840983,87841006
OX103876.1,87882610,87882643
OX103876.1,88614018,88614040
OX103876.1,88903456,88903486
OX103876.1,563192,563215
OX103876.1,1049771,1049792
OX103876.1,1224980,1224999
OX103876.1,1323946,1323962
OX103876.1,1685704,1685724
OX103876.1,2667258,2667279
OX103876.1,3123374,3123413
OX103876.1,3132648,3132692
OX103876.1,3140294,3140322
OX103876.1,3914629,3914651
OX103876.1,4019140,4019163
OX103876.1,4611662,4611679
OX103876.1,5497490,5497520
OX103876.1,5675399,5675421
OX103876.1,5721441,5721466
OX103876.1,5942586,5942601
OX103876.1,6158806,6158835
OX103876.1,6920930,6920947
OX103876.1,6963344,6963366
OX103876.1,7403807,7403837
OX103876.1,7628197,7628216
OX103876.1,9076833,9076851
OX103876.1,9849601,9849621
OX103876.1,10443133,10443149
OX103876.1,11879276,11879306
OX103876.1,12084584,12084614
OX103876.1,12363653,12363671
OX103876.1,12622438,12622463
OX103876.1,12693434,12693465
OX103876.1,12699937,12699960
OX103876.1,12830453,12830486
OX103876.1,13170085,13170104
OX103876.1,15802810,15802842
OX103876.1,15802919,15802971
OX103876.1,15803005,15803031
OX103876.1,16070515,16070538
OX103876.1,16070875,16070907
OX103876.1,16070917,16070940
OX103876.1,16071174,16071192
OX103876.1,16580315,16580342
OX103876.1,16965659,16965680
OX103876.1,17716473,17716502
OX103876.1,18230980,18231013
OX103876.1,19124065,19124088
OX103876.1,20229258,20229277
OX103876.1,21230330,21230366
OX103876.1,21699936,21699960
OX103876.1,22228943,22228978
OX103876.1,22791890,22791918
OX103876.1,24418841,24418862
OX103876.1,24836030,24836096
OX103876.1,25069466,25069502
OX103876.1,25103866,25103884
OX103876.1,25966419,25966437
OX103876.1,26949757,26949778
OX103876.1,27544182,27544209
OX103876.1,27777210,27777229
OX103876.1,28410158,28410178
OX103876.1,30930063,30930085
OX103876.1,32994242,32994273
OX103876.1,34026289,34026319
OX103876.1,34033514,34033553
OX103876.1,34038194,34038224
OX103876.1,34613644,34613666
OX103876.1,35027908,35027929
OX103876.1,36574806,36574834
OX103876.1,37132284,37132314
OX103876.1,37425075,37425094
OX103876.1,38256734,38256756
OX103876.1,38294974,38294997
OX103876.1,39276770,39276793
OX103876.1,40382299,40382327
OX103876.1,40696296,40696322
OX103876.1,40784072,40784104
OX103876.1,41000771,41000793
OX103876.1,43594374,43594417
OX103876.1,43594654,43594681
OX103876.1,43594696,43594738
OX103876.1,43721091,43721108
OX103876.1,44556232,44556253
OX103876.1,45202311,45202344
OX103876.1,47325710,47325725
OX103876.1,48905617,48905637
OX103876.1,48956169,48956195
OX103876.1,49256760,49256783
OX103876.1,49753767,49753795
OX103876.1,49941425,49941454
OX103876.1,50677860,50677890
OX103876.1,51283177,51283205
OX103876.1,52874499,52874521
OX103876.1,52940576,52940599
OX103876.1,54234270,54234289
OX103876.1,54639577,54639600
OX103876.1,54663087,54663110
OX103876.1,58416689,58416714
OX103876.1,59158861,59158889
OX103876.1,61296287,61296305
OX103876.1,61334238,61334259
OX103876.1,62473512,62473531
OX103876.1,62633897,62633920
OX103876.1,62743014,62743044
OX103876.1,63510067,63510096
OX103876.1,64326741,64326761
OX103876.1,64750506,64750534
OX103876.1,65157627,65157650
OX103876.1,65269237,65269259
OX103876.1,67281895,67281916
OX103876.1,68418943,68418968
OX103876.1,69530367,69530393
OX103876.1,69913180,69913211
OX103876.1,69913340,69913360
OX103876.1,69913447,69913519
OX103876.1,70487703,70487727
OX103876.1,71506824,71506854
OX103876.1,71778457,71778474
OX103876.1,71807140,71807166
OX103876.1,72960782,72960812
OX103876.1,73002879,73002911
OX103876.1,73002963,73002990
OX103876.1,73003051,73003076
OX103876.1,74130755,74130784
OX103876.1,74193186,74193201
OX103876.1,74905156,74905186
OX103876.1,75046302,75046332
OX103876.1,75396593,75396623
OX103876.1,76477175,76477196
OX103876.1,77634589,77634614
OX103876.1,80382930,80382950
OX103876.1,81844530,81844568
OX103876.1,82345378,82345406
OX103876.1,82555074,82555110
OX103876.1,82562729,82562744
OX103876.1,83392110,83392145
OX103876.1,83938452,83938477
OX103876.1,84355206,84355235
OX103876.1,84397388,84397412
OX103876.1,85705059,85705086
OX103876.1,86465398,86465419
OX103876.1,86638858,86638885
OX103876.1,87145607,87145641
OX103876.1,87728475,87728496
OX103877.1,794771,794794
OX103877.1,1115413,1115441
OX103877.1,1168314,1168339
OX103877.1,1196817,1196835
OX103877.1,1595646,1595670
OX103877.1,1990390,1990421
OX103877.1,2183183,2183213
OX103877.1,2789154,2789186
OX103877.1,2806839,2806854
OX103877.1,2821724,2821744
OX103877.1,2916658,2916688
OX103877.1,3059783,3059805
OX103877.1,3492473,3492515
OX103877.1,4307755,4307781
OX103877.1,4737654,4737675
OX103877.1,4825836,4825855
OX103877.1,4904228,4904258
OX103877.1,6254790,6254813
OX103877.1,6393221,6393246
OX103877.1,6558850,6558876
OX103877.1,6576919,6576946
OX103877.1,6669268,6669283
OX103877.1,7422291,7422312
OX103877.1,7694109,7694124
OX103877.1,7695547,7695568
OX103877.1,8192241,8192283
OX103877.1,9564361,9564384
OX103877.1,9737708,9737728
OX103877.1,9760367,9760393
OX103877.1,10527484,10527502
OX103877.1,11321786,11321804
OX103877.1,11321813,11321857
OX103877.1,11321870,11321958
OX103877.1,11321966,11322139
OX103877.1,11322148,11322182
OX103877.1,11322212,11322238
OX103877.1,11322247,11322364
OX103877.1,11322372,11322428
OX103877.1,11322457,11322542
OX103877.1,11322550,11322605
OX103877.1,11322615,11322644
OX103877.1,11322655,11322685
OX103877.1,11322795,11323067
OX103877.1,11323076,11323210
OX103877.1,11323225,11323273
OX103877.1,11323286,11323318
OX103877.1,11323327,11323378
OX103877.1,11323391,11323508
OX103877.1,11323551,11323623
OX103877.1,11323635,11323673
OX103877.1,11323688,11323757
OX103877.1,11323771,11323844
OX103877.1,11323855,11323890
OX103877.1,11323931,11323984
OX103877.1,11323997,11324060
OX103877.1,11324096,11324118
OX103877.1,11696613,11696629
OX103877.1,13115344,13115367
OX103877.1,15840304,15840332
OX103877.1,16396462,16396482
OX103877.1,17601920,17601938
OX103877.1,18380243,18380263
OX103877.1,20015639,20015658
OX103877.1,20017090,20017109
OX103877.1,20018540,20018559
OX103877.1,20019988,20020007
OX103877.1,20021443,20021462
OX103877.1,20022893,20022912
OX103877.1,20024343,20024362
OX103877.1,20025796,20025815
OX103877.1,20027248,20027267
OX103877.1,21833757,21833786
OX103877.1,24052596,24052626
OX103877.1,24372013,24372033
OX103877.1,24957527,24957558
OX103877.1,25691075,25691105
OX103877.1,25826093,25826118
OX103877.1,25988113,25988136
OX103877.1,26856106,26856121
OX103877.1,29146501,29146533
OX103877.1,29146541,29146582
OX103877.1,29601676,29601703
OX103877.1,31277325,31277349
OX103877.1,32185157,32185188
OX103877.1,32780928,32780955
OX103877.1,33482820,33482842
OX103877.1,34697363,34697393
OX103877.1,34887494,34887522
OX103877.1,35475533,35475560
OX103877.1,37533798,37533815
OX103877.1,38293812,38293832
OX103877.1,38559289,38559308
OX103877.1,39192486,39192513
OX103877.1,39954326,39954342
OX103877.1,40194558,40194580
OX103877.1,40608333,40608361
OX103877.1,40611055,40611074
OX103877.1,40933713,40933734
OX103877.1,40948164,40948182
OX103877.1,40986420,40986440
OX103877.1,41005289,41005313
OX103877.1,42753754,42753777
OX103877.1,43097396,43097417
OX103877.1,43307693,43307715
OX103877.1,43562581,43562604
OX103877.1,43835325,43835349
OX103877.1,200962,200981
OX103877.1,874496,874525
OX103877.1,935576,935603
OX103877.1,1342291,1342319
OX103877.1,1584653,1584673
OX103877.1,1623020,1623044
OX103877.1,1885866,1885930
OX103877.1,2106351,2106374
OX103877.1,2150620,2150648
OX103877.1,2150877,2150916
OX103877.1,2151843,2151864
OX103877.1,3093540,3093591
OX103877.1,3203278,3203299
OX103877.1,3222110,3222134
OX103877.1,3246412,3246437
OX103877.1,3258579,3258617
OX103877.1,3363392,3363419
OX103877.1,3416621,3416648
OX103877.1,4473146,4473168
OX103877.1,4819581,4819611
OX103877.1,7747894,7747909
OX103877.1,7754788,7754803
OX103877.1,10420523,10420545
OX103877.1,10840141,10840162
OX103877.1,11308552,11308573
OX103877.1,11309914,11309933
OX103877.1,11342489,11342506
OX103877.1,11402231,11402252
OX103877.1,12023023,12023046
OX103877.1,12040221,12040245
OX103877.1,12259696,12259719
OX103877.1,12283982,12284010
OX103877.1,13065887,13065918
OX103877.1,13324357,13324384
OX103877.1,13418970,13418987
OX103877.1,15341389,15341409
OX103877.1,17829737,17829760
OX103877.1,18545288,18545318
OX103877.1,19107881,19107912
OX103877.1,19945092,19945126
OX103877.1,20399152,20399189
OX103877.1,22526632,22526662
OX103877.1,24172823,24172848
OX103877.1,24174273,24174298
OX103877.1,24177176,24177201
OX103877.1,24178626,24178651
OX103877.1,24657843,24657873
OX103877.1,27986852,27986879
OX103877.1,28821617,28821647
OX103877.1,28965081,28965103
OX103877.1,29610491,29610509
OX103877.1,29656590,29656616
OX103877.1,29895944,29895969
OX103877.1,31806092,31806127
OX103877.1,31959277,31959303
OX103877.1,32085936,32085956
OX103877.1,32312752,32312960
OX103877.1,32313004,32313029
OX103877.1,32313066,32313109
OX103877.1,32313128,32313150
OX103877.1,32313185,32313222
OX103877.1,32313243,32313308
OX103877.1,32802898,32802917
OX103877.1,33103036,33103056
OX103877.1,33305080,33305100
OX103877.1,34186364,34186384
OX103877.1,34635430,34635460
OX103877.1,34772571,34772594
OX103877.1,36191402,36191423
OX103877.1,36293592,36293622
OX103877.1,36383764,36383794
OX103877.1,36413392,36413416
OX103877.1,36997747,36997767
OX103877.1,37732647,37732675
OX103877.1,38224077,38224095
OX103877.1,39606958,39606988
OX103877.1,39626911,39626948
OX103877.1,39736794,39736819
OX103877.1,40683982,40684006
OX103877.1,40719709,40719724
OX103877.1,41347326,41347348
OX103877.1,41513130,41513151
OX103877.1,41873264,41873304
OX103877.1,41882505,41882535
OX103877.1,42028980,42029009
OX103877.1,42029019,42029047
OX103877.1,42210540,42210565
OX103877.1,42603162,42603184
OX103877.1,42651034,42651049
OX103877.1,43117695,43117721
OX103877.1,43370664,43370683
OX103878.1,793613,793641
OX103878.1,1288780,1288797
OX103878.1,1436233,1436256
OX103878.1,1500439,1500463
OX103878.1,1505079,1505096
OX103878.1,1705399,1705418
OX103878.1,1714023,1714042
OX103878.1,1715272,1715298
OX103878.1,1715371,1715392
OX103878.1,1757345,1757387
OX103878.1,2410377,2410400
OX103878.1,2448184,2448205
OX103878.1,2575320,2575339
OX103878.1,3022093,3022117
OX103878.1,3064519,3064534
OX103878.1,3515800,3515817
OX103878.1,3828920,3828942
OX103878.1,3974173,3974207
OX103878.1,4788593,4788611
OX103878.1,4858654,4858676
OX103878.1,5486033,5486052
OX103878.1,5900919,5900941
OX103878.1,6457119,6457152
OX103878.1,6457539,6457577
OX103878.1,6457657,6457680
OX103878.1,6457690,6457725
OX103878.1,6834619,6834649
OX103878.1,7114556,7114578
OX103878.1,7927166,7927196
OX103878.1,7952286,7952305
OX103878.1,8137857,8137880
OX103878.1,8138541,8138572
OX103878.1,8138633,8138657
OX103878.1,9587502,9587525
OX103878.1,9616778,9616806
OX103878.1,10669688,10669717
OX103878.1,10981550,10981588
OX103878.1,10995259,10995277
OX103878.1,11797770,11797800
OX103878.1,11876711,11876734
OX103878.1,12390987,12391023
OX103878.1,12487654,12487677
OX103878.1,14371007,14371028
OX103878.1,21213477,21213507
OX103878.1,21372675,21372701
OX103878.1,23397741,23397769
OX103878.1,26493151,26493179
OX103878.1,28104636,28104654
OX103878.1,28461071,28461106
OX103878.1,28461397,28461417
OX103878.1,28777682,28777731
OX103878.1,30212788,30212807
OX103878.1,31195183,31195198
OX103878.1,31292816,31292922
OX103878.1,31292933,31292993
OX103878.1,31293014,31293042
OX103878.1,31293053,31293106
OX103878.1,32305702,32305732
OX103878.1,32307886,32307915
OX103878.1,32308011,32308041
OX103878.1,32311183,32311213
OX103878.1,34970429,34970447
OX103878.1,34995081,34995102
OX103878.1,35652826,35652845
OX103878.1,36535910,36535932
OX103878.1,36651520,36651545
OX103878.1,36970693,36970714
OX103878.1,37038442,37038460
OX103878.1,38337587,38337606
OX103878.1,38695163,38695184
OX103878.1,38733859,38733889
OX103878.1,38960721,38960751
OX103878.1,40350729,40350752
OX103878.1,40379266,40379286
OX103878.1,40390940,40390983
OX103878.1,41007827,41007844
OX103878.1,41869645,41869676
OX103878.1,42709234,42709263
OX103878.1,43163467,43163492
OX103878.1,43219121,43219137
OX103878.1,43371303,43371332
OX103878.1,44152179,44152199
OX103878.1,45214441,45214463
OX103878.1,45222838,45222860
OX103878.1,448473,448494
OX103878.1,470755,470793
OX103878.1,711241,711277
OX103878.1,721221,721245
OX103878.1,734838,734858
OX103878.1,2118124,2118151
OX103878.1,2517937,2517952
OX103878.1,3901750,3901780
OX103878.1,4626780,4626811
OX103878.1,4783281,4783310
OX103878.1,4821370,4821389
OX103878.1,5093596,5093618
OX103878.1,5774794,5774813
OX103878.1,6144865,6144886
OX103878.1,6194258,6194273
OX103878.1,7140715,7140762
OX103878.1,7475267,7475287
OX103878.1,9042086,9042102
OX103878.1,9119021,9119049
OX103878.1,9137086,9137116
OX103878.1,10027195,10027223
OX103878.1,10058443,10058461
OX103878.1,11186957,11186978
OX103878.1,11594008,11594027
OX103878.1,12343784,12343802
OX103878.1,13767445,13767471
OX103878.1,13911298,13911331
OX103878.1,15166788,15166810
OX103878.1,16786071,16786086
OX103878.1,17684139,17684169
OX103878.1,18603453,18603477
OX103878.1,19450239,19450259
OX103878.1,19703314,19703333
OX103878.1,20891960,20891981
OX103878.1,21737323,21737351
OX103878.1,22127923,22127954
OX103878.1,23623427,23623463
OX103878.1,23623498,23623545
OX103878.1,25982708,25982738
OX103878.1,27373994,27374024
OX103878.1,28869661,28869694
OX103878.1,28871405,28871438
OX103878.1,29423457,29423479
OX103878.1,29572408,29572426
OX103878.1,29895723,29895751
OX103878.1,30653616,30653637
OX103878.1,32077205,32077220
OX103878.1,32820962,32820986
OX103878.1,33208848,33208871
OX103878.1,33852439,33852469
OX103878.1,34006858,34006875
OX103878.1,35209857,35209880
OX103878.1,36014821,36014840
OX103878.1,36060714,36060745
OX103878.1,36089100,36089126
OX103878.1,36314384,36314414
OX103878.1,36457661,36457685
OX103878.1,36708727,36708742
OX103878.1,37691904,37691921
OX103878.1,37826645,37826675
OX103878.1,37926456,37926471
OX103878.1,38019795,38019820
OX103878.1,38744719,38744746
OX103878.1,38769649,38769670
OX103878.1,40181541,40181564
OX103878.1,41012910,41012931
OX103878.1,41206266,41206289
OX103878.1,41219618,41219639
OX103878.1,41537233,41537248
OX103878.1,41574700,41574759
OX103878.1,41670956,41670978
OX103878.1,43404375,43404396
OX103878.1,43580793,43580814
OX103878.1,43603398,43603417
OX103878.1,43619375,43619398
OX103878.1,43967771,43967799
OX103878.1,44104811,44104846
OX103878.1,44160461,44160478
OX103878.1,44297415,44297436
OX103878.1,44539636,44539663
OX103879.1,215153,215185
OX103879.1,432478,432504
OX103879.1,432640,432669
OX103879.1,544849,544876
OX103879.1,748597,748630
OX103879.1,1028546,1028569
OX103879.1,1294855,1294877
OX103879.1,1624912,1624929
OX103879.1,1712438,1712458
OX103879.1,1818740,1818761
OX103879.1,2113767,2113794
OX103879.1,3369013,3369034
OX103879.1,3394028,3394051
OX103879.1,3451638,3451655
OX103879.1,3463351,3463368
OX103879.1,3741464,3741488
OX103879.1,7960465,7960484
OX103879.1,9043794,9043817
OX103879.1,9061724,9061749
OX103879.1,10446560,10446579
OX103879.1,10458399,10458420
OX103879.1,10468819,10468841
OX103879.1,10642304,10642319
OX103879.1,11722067,11722104
OX103879.1,11969688,11969724
OX103879.1,14345097,14345126
OX103879.1,14604165,14604190
OX103879.1,15131704,15131740
OX103879.1,16166777,16166798
OX103879.1,17012233,17012263
OX103879.1,17102186,17102216
OX103879.1,17686853,17686878
OX103879.1,18333585,18333607
OX103879.1,18410828,18410858
OX103879.1,19761927,19761955
OX103879.1,20269610,20269631
OX103879.1,20366464,20366489
OX103879.1,21079692,21079722
OX103879.1,21405310,21405341
OX103879.1,25342428,25342448
OX103879.1,25462392,25462414
OX103879.1,25462464,25462489
OX103879.1,27007091,27007119
OX103879.1,30879312,30879330
OX103879.1,31129223,31129249
OX103879.1,31618976,31619004
OX103879.1,31926531,31926564
OX103879.1,32030955,32030977
OX103879.1,33162991,33163017
OX103879.1,33686500,33686515
OX103879.1,35394656,35394684
OX103879.1,38882389,38882419
OX103879.1,38994564,38994581
OX103879.1,40055336,40055366
OX103879.1,40288978,40288999
OX103879.1,40540457,40540484
OX103879.1,40556577,40556608
OX103879.1,40656847,40656874
OX103879.1,40769809,40769847
OX103879.1,40944782,40944820
OX103879.1,41364941,41364971
OX103879.1,41502344,41502365
OX103879.1,42246619,42246646
OX103879.1,42318059,42318085
OX103879.1,42808002,42808022
OX103879.1,42913241,42913270
OX103879.1,42956898,42956919
OX103879.1,43114705,43114721
OX103879.1,43208708,43208753
OX103879.1,43379617,43379637
OX103879.1,43399167,43399194
OX103879.1,131615,131645
OX103879.1,137960,137985
OX103879.1,355801,355822
OX103879.1,631178,631193
OX103879.1,724582,724602
OX103879.1,957842,957866
OX103879.1,961743,961765
OX103879.1,1026378,1026405
OX103879.1,1051742,1051764
OX103879.1,1079682,1079703
OX103879.1,1163761,1163778
OX103879.1,2218048,2218075
OX103879.1,2755887,2755919
OX103879.1,2882636,2882666
OX103879.1,3146835,3146856
OX103879.1,3206901,3206930
OX103879.1,3600161,3600198
OX103879.1,3660191,3660225
OX103879.1,4449621,4449649
OX103879.1,4739192,4739222
OX103879.1,4942033,4942059
OX103879.1,5511336,5511356
OX103879.1,8537518,8537542
OX103879.1,8613546,8613568
OX103879.1,9252455,9252480
OX103879.1,9961828,9961854
OX103879.1,11345340,11345357
OX103879.1,11401408,11401429
OX103879.1,11893934,11893959
OX103879.1,13387154,13387183
OX103879.1,14692058,14692077
OX103879.1,17778240,17778267
OX103879.1,18510987,18511012
OX103879.1,19569233,19569251
OX103879.1,19626960,19626975
OX103879.1,19705913,19705931
OX103879.1,20561354,20561379
OX103879.1,21000555,21000588
OX103879.1,21145566,21145597
OX103879.1,23101472,23101493
OX103879.1,28057196,28057230
OX103879.1,28057458,28057504
OX103879.1,32907885,32907907
OX103879.1,32993761,32993825
OX103879.1,33540116,33540141
OX103879.1,34056100,34056124
OX103879.1,34579216,34579235
OX103879.1,34607699,34607717
OX103879.1,35696049,35696069
OX103879.1,35747620,35747643
OX103879.1,35763632,35763667
OX103879.1,36261394,36261420
OX103879.1,36549030,36549056
OX103879.1,36760695,36760715
OX103879.1,37241549,37241579
OX103879.1,38121721,38121738
OX103879.1,38600140,38600162
OX103879.1,38601883,38601905
OX103879.1,38603634,38603656
OX103879.1,38605397,38605419
OX103879.1,38607164,38607186
OX103879.1,38608927,38608949
OX103879.1,38610691,38610713
OX103879.1,38612450,38612472
OX103879.1,38614211,38614233
OX103879.1,38615964,38615986
OX103879.1,38617742,38617764
OX103879.1,38745467,38745491
OX103879.1,39056303,39056333
OX103879.1,39343167,39343185
OX103879.1,39398059,39398080
OX103879.1,40997107,40997128
OX103879.1,41074291,41074316
OX103879.1,41309179,41309202
OX103879.1,41855309,41855337
OX103879.1,42345713,42345749
OX103879.1,42675576,42675595
OX103879.1,43622487,43622506
OX103879.1,43653652,43653678
OX103879.1,43682410,43682437
OX103879.1,43777596,43777623
OX103879.1,43796818,43796855
OX103879.1,43806713,43806733
OX103879.1,43840867,43840894
OX103879.1,43913926,43913952
OX103880.1,592724,592745
OX103880.1,1228807,1228832
OX103880.1,1479568,1479584
OX103880.1,1835264,1835295
OX103880.1,1917893,1917923
OX103880.1,2553949,2553979
OX103880.1,2941972,2942000
OX103880.1,3214885,3214909
OX103880.1,3360105,3360137
OX103880.1,3585441,3585457
OX103880.1,6367578,6367597
OX103880.1,6920743,6920770
OX103880.1,7348991,7349015
OX103880.1,7590660,7590690
OX103880.1,7632648,7632686
OX103880.1,7903862,7903881
OX103880.1,8161461,8161485
OX103880.1,8322327,8322347
OX103880.1,9536395,9536415
OX103880.1,9777889,9777919
OX103880.1,9821123,9821152
OX103880.1,10271987,10272017
OX103880.1,10504235,10504255
OX103880.1,10791275,10791296
OX103880.1,11108355,11108385
OX103880.1,11108937,11108957
OX103880.1,11108965,11109009
OX103880.1,11599250,11599274
OX103880.1,12134396,12134411
OX103880.1,12541032,12541051
OX103880.1,13106346,13106364
OX103880.1,14657382,14657427
OX103880.1,16447083,16447102
OX103880.1,16808415,16808440
OX103880.1,16825136,16825164
OX103880.1,16957653,16957678
OX103880.1,17473555,17473580
OX103880.1,17478452,17478474
OX103880.1,19066163,19066180
OX103880.1,19462819,19462834
OX103880.1,185456,185488
OX103880.1,214255,214283
OX103880.1,807096,807122
OX103880.1,811048,811071
OX103880.1,1125266,1125285
OX103880.1,1966788,1966808
OX103880.1,2146821,2146844
OX103880.1,2400094,2400123
OX103880.1,2744942,2744980
OX103880.1,2745157,2745213
OX103880.1,2745223,2745256
OX103880.1,2745294,2745318
OX103880.1,2745385,2745410
OX103880.1,2745539,2745578
OX103880.1,2745649,2745678
OX103880.1,2745837,2745862
OX103880.1,2830009,2830027
OX103880.1,2881809,2881839
OX103880.1,3452931,3452949
OX103880.1,4389787,4389804
OX103880.1,4557366,4557386
OX103880.1,4816778,4816803
OX103880.1,5786207,5786226
OX103880.1,6760364,6760390
OX103880.1,6931641,6931662
OX103880.1,7553613,7553631
OX103880.1,7613645,7613675
OX103880.1,7647846,7647885
OX103880.1,7835579,7835600
OX103880.1,10151240,10151270
OX103880.1,10448225,10448253
OX103880.1,11579968,11579988
OX103880.1,12143738,12143762
OX103880.1,12149207,12149233
OX103880.1,12285243,12285273
OX103880.1,12565159,12565194
OX103880.1,12565307,12565454
OX103880.1,15952881,15952902
OX103880.1,16291271,16291289
OX103880.1,17683627,17683648
OX103880.1,17693448,17693470
OX103880.1,17734720,17734738
OX103880.1,17978990,17979010
OX103880.1,19608296,19608323
OX103881.1,1225702,1225728
OX103881.1,1385305,1385329
OX103881.1,1623150,1623182
OX103881.1,2158238,2158274
OX103881.1,2980188,2980218
OX103881.1,3093924,3093942
OX103881.1,3145993,3146011
OX103881.1,3235053,3235068
OX103881.1,3263126,3263142
OX103881.1,3418007,3418031
OX103881.1,3440719,3440740
OX103881.1,3798877,3798908
OX103881.1,4647023,4647042
OX103881.1,4731705,4731735
OX103881.1,5564999,5565027
OX103881.1,5967875,5967895
OX103881.1,9359637,9359665
OX103881.1,9827813,9827828
OX103881.1,10064481,10064510
OX103881.1,10173582,10173612
OX103881.1,11540383,11540403
OX103881.1,12378702,12378729
OX103881.1,13059084,13059112
OX103881.1,13267672,13267691
OX103881.1,13662831,13662867
OX103881.1,13662902,13662948
OX103881.1,14331579,14331604
OX103881.1,14390957,14390986
OX103881.1,16416084,16416099
OX103881.1,17020441,17020471
OX103881.1,17112588,17112608
OX103881.1,17664253,17664287
OX103881.1,17676471,17676486
OX103881.1,17761038,17761062
OX103881.1,18030534,18030553
OX103881.1,18345064,18345083
OX103881.1,19124511,19124548
OX103881.1,19459928,19459952
OX103881.1,19567292,19567317
OX103881.1,19775745,19775772
OX103881.1,19983135,19983156
OX103881.1,20015917,20015936
OX103881.1,20026965,20026984
OX103881.1,20869049,20869071
OX103881.1,21637143,21637168
OX103881.1,21677097,21677116
OX103881.1,22396730,22396757
OX103881.1,22871759,22871774
OX103881.1,23087328,23087349
OX103881.1,23452145,23452163
OX103881.1,302406,302436
OX103881.1,658817,658848
OX103881.1,1279661,1279697
OX103881.1,1534102,1534121
OX103881.1,1854428,1854452
OX103881.1,2118049,2118065
OX103881.1,3157540,3157559
OX103881.1,3262307,3262337
OX103881.1,3303709,3303746
OX103881.1,3871623,3871643
OX103881.1,3956675,3956704
OX103881.1,4162370,4162419
OX103881.1,4476934,4476954
OX103881.1,4500255,4500279
OX103881.1,4705208,4705232
OX103881.1,4716116,4716143
OX103881.1,4773532,4773555
OX103881.1,4985509,4985528
OX103881.1,5597265,5597292
OX103881.1,6582996,6583023
OX103881.1,7470884,7470914
OX103881.1,7542807,7542824
OX103881.1,7725093,7725126
OX103881.1,8474798,8474823
OX103881.1,8829327,8829351
OX103881.1,8887783,8887806
OX103881.1,8914278,8914299
OX103881.1,9140625,9140650
OX103881.1,10859213,10859232
OX103881.1,11136654,11136669
OX103881.1,11258569,11258588
OX103881.1,11316352,11316374
OX103881.1,11326441,11326460
OX103881.1,12173305,12173334
OX103881.1,12309118,12309133
OX103881.1,12644547,12644568
OX103881.1,12644624,12644665
OX103881.1,12644679,12644712
OX103881.1,12644740,12644796
OX103881.1,12644805,12644841
OX103881.1,12644850,12644876
OX103881.1,12644905,12644995
OX103881.1,12645004,12645043
OX103881.1,12645155,12645178
OX103881.1,12645216,12645235
OX103881.1,12645258,12645274
OX103881.1,12645283,12645308
OX103881.1,12645325,12645359
OX103881.1,12645373,12645422
OX103881.1,12645551,12645584
OX103881.1,12645625,12645658
OX103881.1,12645666,12645706
OX103881.1,12645724,12646175
OX103881.1,12646202,12646221
OX103881.1,13017643,13017675
OX103881.1,14650966,14651002
OX103881.1,16068693,16068716
OX103881.1,16076853,16076872
OX103881.1,17458525,17458556
OX103881.1,17459920,17459951
OX103881.1,17461314,17461345
OX103881.1,17462708,17462739
OX103881.1,17464102,17464133
OX103881.1,17465496,17465527
OX103881.1,17466890,17466921
OX103881.1,17468284,17468315
OX103881.1,18332076,18332098
OX103881.1,18958880,18958897
OX103881.1,18995574,18995597
OX103881.1,19006332,19006358
OX103881.1,19084619,19084641
OX103881.1,19166876,19166906
OX103881.1,19357438,19357462
OX103881.1,19880050,19880066
OX103881.1,20148513,20148532
OX103881.1,20214252,20214271
OX103881.1,20288806,20288825
OX103881.1,20462006,20462028
OX103881.1,20490593,20490613
OX103881.1,20552770,20552793
OX103881.1,20678386,20678407
OX103881.1,20680451,20680481
OX103881.1,20846656,20846671
OX103881.1,21332836,21332859
OX103881.1,21919649,21919687
OX103881.1,22570120,22570141
OX103881.1,23023850,23023866
OX103881.1,23298696,23298732
OX103881.1,23622541,23622571
OX103881.1,23632874,23632904
OX103882.1,327927,327957
OX103882.1,513945,513965
OX103882.1,647249,647282
OX103882.1,777688,777709
OX103882.1,962156,962177
OX103882.1,1923073,1923094
OX103882.1,1940610,1940626
OX103882.1,2013164,2013185
OX103882.1,2226814,2226840
OX103882.1,2771773,2771792
OX103882.1,3543220,3543287
OX103882.1,3618628,3618662
OX103882.1,4129601,4129626
OX103882.1,4185740,4185765
OX103882.1,4256272,4256303
OX103882.1,4388092,4388121
OX103882.1,5399254,5399274
OX103882.1,5557448,5557479
OX103882.1,6136637,6136662
OX103882.1,6954959,6955029
OX103882.1,6955038,6955084
OX103882.1,6955578,6955605
OX103882.1,7642323,7642353
OX103882.1,9784783,9784813
OX103882.1,9960365,9960391
OX103882.1,9960400,9960456
OX103882.1,9960487,9960504
OX103882.1,9960535,9960620
OX103882.1,9960632,9960710
OX103882.1,9960720,9960796
OX103882.1,9960808,9960858
OX103882.1,9960881,9960941
OX103882.1,9960981,9961001
OX103882.1,10158863,10158886
OX103882.1,10158902,10158942
OX103882.1,10723227,10723246
OX103882.1,11779875,11779899
OX103882.1,11782695,11782727
OX103882.1,13050815,13050839
OX103882.1,13189935,13189963
OX103882.1,13598563,13598585
OX103882.1,13942508,13942529
OX103882.1,14093497,14093518
OX103882.1,14130895,14130918
OX103882.1,14131268,14131291
OX103882.1,14341567,14341588
OX103882.1,14761968,14761993
OX103882.1,14821818,14821848
OX103882.1,15599775,15599791
OX103882.1,15936171,15936199
OX103882.1,16011765,16011786
OX103882.1,16199253,16199271
OX103882.1,16564027,16564054
OX103882.1,16632970,16632997
OX103882.1,17231537,17231555
OX103882.1,17260937,17260957
OX103882.1,17268260,17268286
OX103882.1,17519477,17519524
OX103882.1,17680055,17680092
OX103882.1,17857356,17857376
OX103882.1,17887289,17887313
OX103882.1,18026971,18027010
OX103882.1,338694,338716
OX103882.1,686788,686818
OX103882.1,686896,686926
OX103882.1,709155,709191
OX103882.1,2169960,2169985
OX103882.1,2284074,2284101
OX103882.1,2367417,2367439
OX103882.1,2530647,2530674
OX103882.1,2599826,2599845
OX103882.1,2637314,2637335
OX103882.1,4134380,4134398
OX103882.1,4585776,4585800
OX103882.1,4601441,4601465
OX103882.1,4734431,4734452
OX103882.1,5205812,5205830
OX103882.1,5599601,5599620
OX103882.1,6245922,6245946
OX103882.1,6418057,6418082
OX103882.1,6439528,6439556
OX103882.1,7500658,7500675
OX103882.1,7791792,7791815
OX103882.1,8069429,8069454
OX103882.1,9635512,9635543
OX103882.1,9701559,9701589
OX103882.1,10283801,10283821
OX103882.1,10618817,10618834
OX103882.1,11638738,11638759
OX103882.1,11954812,11954831
OX103882.1,11986363,11986378
OX103882.1,13422471,13422497
OX103882.1,13931872,13931889
OX103882.1,14292628,14292653
OX103882.1,14604817,14604832
OX103882.1,14675494,14675532
OX103882.1,15172925,15172954
OX103882.1,15734200,15734224
OX103882.1,16057212,16057237
OX103882.1,16156790,16156820
OX103882.1,16211472,16211494
OX103882.1,16234466,16234499
OX103882.1,16265660,16265680
OX103882.1,16587693,16587714
OX103882.1,16590893,16590923
OX103882.1,16809072,16809103
OX103882.1,16904359,16904382
OX103882.1,16915887,16915919
OX103882.1,17041912,17041940
OX103882.1,17551728,17551747
OX103882.1,17806759,17806789
OX103882.1,18118005,18118027
OX103883.1,93469,93498
OX103883.1,522822,522845
OX103883.1,1035710,1035735
OX103883.1,1124812,1124838
OX103883.1,1458355,1458378
OX103883.1,1489902,1489924
OX103883.1,1632257,1632276
OX103883.1,1666452,1666473
OX103883.1,1887164,1887195
OX103883.1,2009542,2009565
OX103883.1,2013114,2013136
OX103883.1,2036936,2036957
OX103883.1,2044741,2044764
OX103883.1,2050961,2050996
OX103883.1,2062653,2062678
OX103883.1,2085937,2085954
OX103883.1,2112059,2112084
OX103883.1,2131554,2131576
OX103883.1,2137899,2137927
OX103883.1,2147552,2147582
OX103883.1,2156319,2156344
OX103883.1,2170867,2170891
OX103883.1,2211515,2211542
OX103883.1,2212286,2212309
OX103883.1,2220797,2220837
OX103883.1,3341900,3341921
OX103883.1,3601837,3601868
OX103883.1,3700280,3700297
OX103883.1,3934180,3934199
OX103883.1,4354650,4354668
OX103883.1,4553769,4553792
OX103883.1,4636545,4636564
OX103883.1,4919025,4919093
OX103883.1,4919532,4919551
OX103883.1,4919612,4919648
OX103883.1,4919682,4919704
OX103883.1,4919864,4919896
OX103883.1,5412063,5412093
OX103883.1,5821428,5821458
OX103883.1,5837615,5837639
OX103883.1,5941765,5941786
OX103883.1,6068954,6068984
OX103883.1,6821804,6821835
OX103883.1,7415971,7415987
OX103883.1,8413046,8413066
OX103883.1,9623706,9623731
OX103883.1,10671139,10671160
OX103883.1,10699155,10699193
OX103883.1,11217814,11217860
OX103883.1,13570075,13570103
OX103883.1,14225191,14225212
OX103883.1,14322927,14322990
OX103883.1,15223965,15223996
OX103883.1,17773051,17773076
OX103883.1,17775399,17775495
OX103883.1,17775507,17775567
OX103883.1,18087389,18087408
OX103883.1,18591855,18591872
OX103883.1,20182397,20182415
OX103883.1,20677097,20677119
OX103883.1,20858319,20858345
OX103883.1,25510555,25510586
OX103883.1,26042844,26042861
OX103883.1,26578378,26578408
OX103883.1,26874125,26874155
OX103883.1,27700281,27700296
OX103883.1,27805620,27805647
OX103883.1,27806447,27806466
OX103883.1,27807498,27807519
OX103883.1,27809470,27809501
OX103883.1,27809509,27809537
OX103883.1,27809557,27809581
OX103883.1,27810589,27810609
OX103883.1,27810620,27810653
OX103883.1,27811222,27811253
OX103883.1,27811587,27811610
OX103883.1,27811619,27811644
OX103883.1,27811757,27811779
OX103883.1,27811924,27811955
OX103883.1,27812277,27812306
OX103883.1,27812379,27812403
OX103883.1,27874621,27874645
OX103883.1,27876348,27876365
OX103883.1,27876709,27876724
OX103883.1,30558688,30558705
OX103883.1,30559584,30559604
OX103883.1,31483118,31483160
OX103883.1,31483219,31483234
OX103883.1,31483754,31483783
OX103883.1,31513618,31513633
OX103883.1,31514055,31514085
OX103883.1,31514653,31514674
OX103883.1,31629779,31629807
OX103883.1,33532235,33532257
OX103883.1,35349239,35349274
OX103883.1,36468401,36468421
OX103883.1,36473159,36473181
OX103883.1,37505296,37505321
OX103883.1,38639350,38639377
OX103883.1,39672189,39672210
OX103883.1,41117301,41117326
OX103883.1,43173233,43173254
OX103883.1,45113205,45113226
OX103883.1,47790471,47790496
OX103883.1,48093783,48093813
OX103883.1,50958829,50958854
OX103883.1,51071321,51071337
OX103883.1,51474460,51474475
OX103883.1,51737636,51737657
OX103883.1,52904733,52904760
OX103883.1,53416598,53416621
OX103883.1,53990764,53990802
OX103883.1,56353445,56353475
OX103883.1,57302078,57302108
OX103883.1,59457626,59457654
OX103883.1,60887305,60887340
OX103883.1,62329397,62329414
OX103883.1,62363976,62363999
OX103883.1,68749248,68749273
OX103883.1,69293835,69293856
OX103883.1,69406579,69406604
OX103883.1,69869231,69869259
OX103883.1,72894537,72894559
OX103883.1,73568855,73568876
OX103883.1,73772764,73772783
OX103883.1,74114436,74114457
OX103883.1,74220059,74220096
OX103883.1,74852280,74852298
OX103883.1,75724248,75724274
OX103883.1,75733442,75733472
OX103883.1,75818823,75818844
OX103883.1,76724647,76724670
OX103883.1,76730540,76730559
OX103883.1,77415183,77415202
OX103883.1,78372732,78372762
OX103883.1,78633672,78633697
OX103883.1,78691250,78691275
OX103883.1,78832604,78832638
OX103883.1,78840359,78840390
OX103883.1,79110832,79110847
OX103883.1,79894959,79894982
OX103883.1,80020427,80020455
OX103883.1,80148095,80148113
OX103883.1,80236890,80236906
OX103883.1,80321685,80321705
OX103883.1,80912280,80912298
OX103883.1,81622044,81622068
OX103883.1,81666034,81666056
OX103883.1,81745428,81745453
OX103883.1,81974420,81974440
OX103883.1,82039254,82039280
OX103883.1,82412684,82412714
OX103883.1,82921866,82921897
OX103883.1,83276628,83276647
OX103883.1,83600526,83600552
OX103883.1,244368,244383
OX103883.1,406285,406313
OX103883.1,2068240,2068260
OX103883.1,3008255,3008279
OX103883.1,3055182,3055228
OX103883.1,3055528,3055553
OX103883.1,3055602,3055655
OX103883.1,3154355,3154386
OX103883.1,3164677,3164712
OX103883.1,3542929,3542950
OX103883.1,5096136,5096168
OX103883.1,5143483,5143502
OX103883.1,5162130,5162155
OX103883.1,5224365,5224396
OX103883.1,5224548,5224574
OX103883.1,5224606,5224643
OX103883.1,5224752,5224773
OX103883.1,7534017,7534053
OX103883.1,7573905,7573935
OX103883.1,8110499,8110525
OX103883.1,8119707,8119737
OX103883.1,8164048,8164070
OX103883.1,8235579,8235605
OX103883.1,9834250,9834280
OX103883.1,11186926,11186946
OX103883.1,11577524,11577543
OX103883.1,11805380,11805410
OX103883.1,13574727,13574757
OX103883.1,14325226,14325253
OX103883.1,15517628,15517658
OX103883.1,15617690,15617715
OX103883.1,15822274,15822293
OX103883.1,16424337,16424367
OX103883.1,21207506,21207522
OX103883.1,21482235,21482250
OX103883.1,22602451,22602472
OX103883.1,22962263,22962304
OX103883.1,22962320,22962348
OX103883.1,23836210,23836240
OX103883.1,24905979,24906002
OX103883.1,26837356,26837377
OX103883.1,30224325,30224353
OX103883.1,32312878,32312906
OX103883.1,32330772,32330800
OX103883.1,32418812,32418827
OX103883.1,32657134,32657164
OX103883.1,33897407,33897426
OX103883.1,33962703,33962736
OX103883.1,33962772,33962800
OX103883.1,33962825,33962855
OX103883.1,33963150,33963176
OX103883.1,33963671,33963695
OX103883.1,33963912,33963934
OX103883.1,36234880,36234914
OX103883.1,36324692,36324710
OX103883.1,38521071,38521100
OX103883.1,38521113,38521132
OX103883.1,38596838,38596868
OX103883.1,39841838,39841857
OX103883.1,40144617,40144648
OX103883.1,41261485,41261512
OX103883.1,41278063,41278093
OX103883.1,41294090,41294111
OX103883.1,42728837,42728858
OX103883.1,43120180,43120216
OX103883.1,44908772,44908791
OX103883.1,46265434,46265454
OX103883.1,46372126,46372154
OX103883.1,49787502,49787537
OX103883.1,50041633,50041659
OX103883.1,50323032,50323054
OX103883.1,50553977,50553999
OX103883.1,50653405,50653430
OX103883.1,52367052,52367084
OX103883.1,55972001,55972022
OX103883.1,55974541,55974604
OX103883.1,56430802,56430832
OX103883.1,57572484,57572508
OX103883.1,57614877,57614910
OX103883.1,57949037,57949086
OX103883.1,58312437,58312460
OX103883.1,59162060,59162076
OX103883.1,59649396,59649446
OX103883.1,59650002,59650026
OX103883.1,60537107,60537136
OX103883.1,60537216,60537252
OX103883.1,64569450,64569469
OX103883.1,65185733,65185752
OX103883.1,65553496,65553512
OX103883.1,67545657,67545684
OX103883.1,69738599,69738637
OX103883.1,70276652,70278834
OX103883.1,71042578,71042607
OX103883.1,71046437,71046480
OX103883.1,72466411,72466449
OX103883.1,72466478,72466543
OX103883.1,72466621,72466654
OX103883.1,72466799,72466830
OX103883.1,72466928,72466950
OX103883.1,72467123,72467164
OX103883.1,72467253,72467276
OX103883.1,72467446,72467476
OX103883.1,72467679,72467704
OX103883.1,72468017,72468042
OX103883.1,72747595,72747638
OX103883.1,72747659,72747697
OX103883.1,72747805,72747895
OX103883.1,72776782,72776802
OX103883.1,73090421,73090442
OX103883.1,73091391,73091410
OX103883.1,73096454,73096473
OX103883.1,73096980,73097017
OX103883.1,73540335,73540355
OX103883.1,73573846,73573878
OX103883.1,73574048,73574073
OX103883.1,74100584,74100605
OX103883.1,74225063,74225097
OX103883.1,74226789,74226811
OX103883.1,76571571,76571599
OX103883.1,76571622,76571656
OX103883.1,77649364,77649384
OX103883.1,77950188,77950210
OX103883.1,77969499,77969515
OX103883.1,77993568,77993599
OX103883.1,78020712,78020732
OX103883.1,79235997,79236014
OX103883.1,79237315,79237337
OX103883.1,79433671,79433700
OX103883.1,79638841,79638863
OX103883.1,79962886,79962917
OX103883.1,80060946,80060963
OX103883.1,80088308,80088341
OX103883.1,80285675,80285705
OX103883.1,80472167,80472194
OX103883.1,80801103,80801143
OX103883.1,80802100,80802134
OX103883.1,80802209,80802229
OX103883.1,80898910,80898935
OX103883.1,80899861,80899886
OX103883.1,81517763,81517796
OX103883.1,81542473,81542489
OX103883.1,81613851,81613877
OX103883.1,81669739,81669789
OX103883.1,81693623,81693651
OX103883.1,81712041,81712063
OX103883.1,81718386,81718414
OX103883.1,81815810,81815838
OX103883.1,81844008,81844031
OX103883.1,81942997,81943031
OX103883.1,82339432,82339462
OX103883.1,82417481,82417504
OX103883.1,82546723,82546747
OX103883.1,82725521,82725552
OX103883.1,82885221,82885241
OX103883.1,82922196,82922215
OX103883.1,83121528,83121551
OX103883.1,83152076,83152102
OX103883.1,83155764,83155790
OX103883.1,83502109,83502128
OX103883.1,83768460,83768484
OX103883.1,83768492,83768565
OX103883.1,83768573,83768594
OX103883.1,83768613,83768730
OX103883.1,83768743,83768923
OX103883.1,83768932,83769021
OX103883.1,83769029,83769526
OX103883.1,83769534,83769609
OX103883.1,83769617,83769717
OX103883.1,83769725,83769776
OX103883.1,83769784,83770249
OX103883.1,83770257,83770394
OX103883.1,83770402,83770809
OX103883.1,83770841,83771275
OX103883.1,83771284,83771991
OX103883.1,83772016,83772263
OX103883.1,83772271,83772428
OX103883.1,83772436,83772948
OX103883.1,83772957,83773020
CALYCP020000001.1,37867,37888
CALYCP020000023.1,14,79
CALYCP020000023.1,87,195
CALYCP020000030.1,11343,11364
CALYCP020000041.1,15559,15575
CALYCP020000041.1,1274,1299
CALYCP020000042.1,11296,11323
CALYCP020000052.1,10940,10962
CALYCP020000061.1,28150,28174
CALYCP020000068.1,15913,15945
CALYCP020000068.1,15997,16049
CALYCP020000068.1,21055,21087
CALYCP020000068.1,21095,21118
CALYCP020000068.1,21139,21166
CALYCP020000068.1,21301,21329
CALYCP020000069.1,8202,8225
CALYCP020000077.1,7156,7197
CALYCP020000077.1,7024,7065
CALYCP020000107.1,5831,5852
CALYCP020000142.1,5260,5277
CALYCP020000142.1,47617,47647
CALYCP020000152.1,57867,57899
CALYCP020000152.1,58494,58519
CALYCP020000152.1,60417,60449
CALYCP020000152.1,61044,61069
CALYCP020000171.1,22893,22921
CALYCP020000174.1,24928,24944
CALYCP020000176.1,68918,68934
CALYCP020000176.1,68942,68959
CALYCP020000176.1,68967,69022
CALYCP020000176.1,69036,69084
CALYCP020000177.1,81088,81109
CALYCP020000185.1,31875,31894
CALYCP020000188.1,4553,4583
CALYCP020000188.1,3682,3712
CALYCP020000215.1,31072,31099
CALYCP020000224.1,28365,28391
CALYCP020000240.1,3112,3143
CALYCP020000245.1,79308,79342
CALYCP020000263.1,1876,1906
CALYCP020000272.1,18433,18889
CALYCP020000275.1,22578,22602
CALYCP020000282.1,2685,2704
CALYCP020000321.1,14090,14126
CALYCP020000336.1,7859,7880
CALYCP020000341.1,5093,5129
CALYCP020000437.1,8879,8920
CALYCP020000488.1,7755,7780
CALYCP020000555.1,50,72
CALYCP020000575.1,5733,5754
CALYCP020000586.1,1164,1186
CALYCP020000587.1,3212,3248
CALYCP020000594.1,1027,1049
